id,first_name,last_name,email,gender,ip_address
1,Dorolice,Isenor,disenor0@wikimedia.org,Female,12.195.209.105
2,Beth,Lambrechts,blambrechts1@addthis.com,Female,234.175.14.159
3,Archibaldo,Cesco,acesco2@mozilla.org,Male,166.212.125.84
4,Ronnie,Yuranovev,ryuranovev3@europa.eu,Female,241.250.17.37
5,Caspar,Bothbie,cbothbie4@newyorker.com,Male,138.165.226.43
6,Averil,Yakebovitch,ayakebovitch5@npr.org,Female,231.80.193.17
7,Nathaniel,Dilliston,ndilliston6@ibm.com,Male,89.190.216.117
8,Noah,Treadwell,ntreadwell7@t-online.de,Male,61.41.138.147
9,Aeriell,Hazard,ahazard8@webmd.com,Female,189.7.11.107
10,Sheryl,Dollin,sdollin9@elpais.com,Female,143.207.226.84
11,Avrom,Pratty,aprattya@webnode.com,Male,158.226.94.2
12,Sean,Shires,sshiresb@desdev.cn,Female,120.48.91.243
13,Verney,Pound,vpoundc@nature.com,Male,146.185.28.116
14,Rafaelita,Linguard,rlinguardd@1und1.de,Female,42.63.183.127
15,Leroy,Ritter,lrittere@yellowpages.com,Male,192.44.158.232
16,Ode,Woollcott,owoollcottf@guardian.co.uk,Male,227.26.254.63
17,Clarice,Adriaens,cadriaensg@netvibes.com,Female,253.53.127.1
18,Milena,Abramowsky,mabramowskyh@spotify.com,Female,115.210.249.85
19,Randolph,Hegel,rhegeli@mozilla.com,Male,175.161.110.21
20,Vivianna,Shepland,vsheplandj@parallels.com,Female,233.152.93.154
21,Quinta,Larwood,qlarwoodk@buzzfeed.com,Female,201.84.232.101
22,Ahmad,Duddell,aduddelll@irs.gov,Male,137.72.183.80
23,Alex,Juste,ajustem@eepurl.com,Male,128.199.100.199
24,Vail,McCrystal,vmccrystaln@ow.ly,Male,76.50.6.35
25,Madonna,MacDaid,mmacdaido@bluehost.com,Female,152.254.114.16
26,Keslie,Johnsson,kjohnssonp@theglobeandmail.com,Female,147.65.174.154
27,Vinny,Petranek,vpetranekq@craigslist.org,Male,206.80.77.51
28,Mirna,Hayen,mhayenr@cyberchimps.com,Female,126.206.146.57
29,Edin,Jearum,ejearums@umich.edu,Female,115.207.232.200
30,Roy,Leavens,rleavenst@forbes.com,Male,54.114.247.243
31,Stacia,Darrigone,sdarrigoneu@delicious.com,Female,53.37.252.65
32,Ruddy,Riveles,rrivelesv@hhs.gov,Male,173.136.96.247
33,Milton,Linnitt,mlinnittw@chron.com,Male,236.25.22.184
34,Sydel,Watsam,swatsamx@google.fr,Female,80.167.246.92
35,Maude,Peaden,mpeadeny@squarespace.com,Female,189.172.152.66
36,Flor,Regardsoe,fregardsoez@goodreads.com,Female,252.164.182.188
37,Christian,Attkins,cattkins10@scribd.com,Male,61.58.236.219
38,Terrel,Meecher,tmeecher11@jalbum.net,Male,161.242.1.15
39,Trent,Narramor,tnarramor12@ox.ac.uk,Male,166.250.154.244
40,Vinnie,Duncan,vduncan13@desdev.cn,Female,76.178.194.252
41,Robinet,Levicount,rlevicount14@google.ru,Female,176.237.65.133
42,Willi,Lemin,wlemin15@sbwire.com,Female,198.223.47.150
43,Merl,Chalker,mchalker16@blogger.com,Female,19.236.51.97
44,Jerry,Huffadine,jhuffadine17@barnesandnoble.com,Male,188.186.7.62
45,Dion,Beardon,dbeardon18@hao123.com,Male,95.178.52.241
46,Konstance,Leverett,kleverett19@abc.net.au,Female,65.180.237.38
47,Doralyn,Jenckes,djenckes1a@infoseek.co.jp,Female,100.112.253.205
48,Neala,Pendrid,npendrid1b@hubpages.com,Female,161.43.254.185
49,Amandie,Rowth,arowth1c@opera.com,Female,215.217.88.156
50,Cherri,Tattershaw,ctattershaw1d@deviantart.com,Female,79.126.126.243
51,Reed,Canto,rcanto1e@xrea.com,Male,230.240.111.134
52,Toddy,Burds,tburds1f@free.fr,Male,252.162.209.61
53,Sansone,Bartolomeu,sbartolomeu1g@w3.org,Male,172.227.11.112
54,Ches,Furminger,cfurminger1h@furl.net,Male,155.17.184.19
55,Bill,Ernshaw,bernshaw1i@csmonitor.com,Female,91.79.236.50
56,Orion,Pressland,opressland1j@mail.ru,Male,39.61.25.54
57,Gerladina,D'Elia,gdelia1k@yandex.ru,Female,233.74.35.30
58,Jessee,Soppit,jsoppit1l@cnet.com,Male,117.37.78.197
59,Si,Shellard,sshellard1m@dagondesign.com,Male,70.56.153.185
60,Theo,Schulz,tschulz1n@barnesandnoble.com,Male,60.178.43.201
61,Anet,Rollings,arollings1o@vinaora.com,Female,9.81.17.143
62,Estella,O'Scanlon,eoscanlon1p@themeforest.net,Female,118.191.84.110
63,Jeffrey,Bernardini,jbernardini1q@tumblr.com,Male,248.136.29.66
64,Elsy,Woolens,ewoolens1r@youtube.com,Female,76.188.195.193
65,Clementine,Heistermann,cheistermann1s@github.io,Female,102.246.126.73
66,Loella,Aynscombe,laynscombe1t@wikimedia.org,Female,35.100.45.1
67,Sarine,Scholar,sscholar1u@people.com.cn,Female,58.204.32.21
68,Quentin,Triggs,qtriggs1v@barnesandnoble.com,Female,46.178.250.50
69,Ephrem,Bisiker,ebisiker1w@mac.com,Male,211.84.216.181
70,Guthrey,Dunphie,gdunphie1x@homestead.com,Male,114.210.244.42
71,Dorey,Bastie,dbastie1y@npr.org,Male,84.210.116.84
72,Nikolai,Garnar,ngarnar1z@amazon.com,Male,51.216.247.69
73,Lind,Oxbury,loxbury20@indiegogo.com,Female,238.99.184.132
74,Ingar,Benedicto,ibenedicto21@icio.us,Male,38.29.39.203
75,Dickie,Kenrat,dkenrat22@fema.gov,Male,0.72.41.47
76,Eimile,Reynoldson,ereynoldson23@spiegel.de,Female,150.147.236.202
77,Elbertine,Shubotham,eshubotham24@i2i.jp,Female,130.80.212.15
78,Sayre,Walmsley,swalmsley25@cpanel.net,Male,79.24.29.244
79,Jewelle,Hiscoke,jhiscoke26@altervista.org,Female,73.137.251.118
80,Vi,Clohissy,vclohissy27@edublogs.org,Female,32.208.160.233
81,Woodie,McRory,wmcrory28@springer.com,Male,250.91.126.21
82,Leonidas,Poser,lposer29@dailymail.co.uk,Male,180.167.205.105
83,Addie,Artinstall,aartinstall2a@goo.gl,Female,33.25.182.36
84,Nicol,Bril,nbril2b@craigslist.org,Male,32.19.138.24
85,Dori,Czajkowski,dczajkowski2c@vinaora.com,Female,202.202.1.189
86,Porter,Hedge,phedge2d@squidoo.com,Male,150.64.12.128
87,Garret,Duckitt,gduckitt2e@zdnet.com,Male,136.239.139.42
88,Boyce,Haycock,bhaycock2f@mapy.cz,Male,220.209.228.242
89,Fitz,Prosser,fprosser2g@yellowpages.com,Male,227.139.75.212
90,Karl,Simms,ksimms2h@arizona.edu,Male,240.69.244.175
91,Park,Du Barry,pdubarry2i@bloglovin.com,Male,33.52.155.27
92,Lara,Brayford,lbrayford2j@ihg.com,Female,75.66.181.144
93,Horatius,Koene,hkoene2k@51.la,Male,44.40.209.24
94,Kinny,Rumbellow,krumbellow2l@psu.edu,Male,51.94.154.255
95,Fancy,Lafee,flafee2m@reuters.com,Female,43.232.51.192
96,Edward,Houdhury,ehoudhury2n@paypal.com,Male,8.183.67.65
97,Germayne,Cisneros,gcisneros2o@dmoz.org,Male,240.113.29.19
98,Peadar,Adanez,padanez2p@wordpress.com,Male,68.176.141.72
99,Linus,Frensch,lfrensch2q@gnu.org,Male,156.22.224.41
100,Abigail,Cheale,acheale2r@wikipedia.org,Female,216.141.36.110
101,Merridie,Squelch,msquelch2s@pen.io,Female,115.116.122.71
102,Mandie,Munt,mmunt2t@ovh.net,Female,94.216.173.106
103,Cyndia,Morshead,cmorshead2u@sourceforge.net,Female,219.243.129.203
104,Hallie,Gaspar,hgaspar2v@yahoo.com,Female,126.153.138.212
105,Nickie,Carlisi,ncarlisi2w@narod.ru,Female,41.114.70.216
106,Angy,Wherton,awherton2x@yahoo.com,Female,128.91.163.211
107,Lucais,Shower,lshower2y@tinyurl.com,Male,20.137.98.71
108,Bay,Shewring,bshewring2z@mtv.com,Male,82.146.88.115
109,Loy,Lines,llines30@pbs.org,Male,166.136.59.233
110,Rock,Worsfold,rworsfold31@disqus.com,Male,102.251.103.116
111,Lucinda,Aiers,laiers32@answers.com,Female,10.56.122.42
112,Sayre,Baldry,sbaldry33@diigo.com,Male,232.13.207.163
113,Reidar,Edmeads,redmeads34@themeforest.net,Male,216.185.182.81
114,Herschel,Muzzall,hmuzzall35@walmart.com,Male,169.76.9.248
115,Vladamir,Frickey,vfrickey36@sakura.ne.jp,Male,74.225.186.154
116,Pattie,Bounds,pbounds37@xrea.com,Male,167.161.97.194
117,Linnea,Ridger,lridger38@list-manage.com,Female,65.33.84.150
118,Constantine,Dumper,cdumper39@ucoz.ru,Male,190.22.139.116
119,Misty,Favey,mfavey3a@wp.com,Female,130.208.77.120
120,Geoff,Sisnett,gsisnett3b@newsvine.com,Male,154.141.86.230
121,Temple,Grills,tgrills3c@exblog.jp,Male,136.56.194.157
122,Gifford,Everett,geverett3d@china.com.cn,Male,115.243.110.140
123,Kerwin,Quarmby,kquarmby3e@npr.org,Male,130.167.208.137
124,Pia,Killick,pkillick3f@pcworld.com,Female,104.140.250.110
125,Thibaud,Dundon,tdundon3g@opera.com,Male,65.133.23.32
126,Corette,Odger,codger3h@macromedia.com,Female,205.48.151.254
127,Francyne,Esler,fesler3i@fotki.com,Female,152.194.94.41
128,Jana,Gronou,jgronou3j@cpanel.net,Female,129.137.145.141
129,Ernst,Kestin,ekestin3k@sakura.ne.jp,Male,46.54.2.181
130,Thaddeus,Gainsborough,tgainsborough3l@bing.com,Male,144.105.65.94
131,Sibylla,Vickarman,svickarman3m@hhs.gov,Female,156.171.135.224
132,Davidson,Varga,dvarga3n@amazon.de,Male,31.0.120.175
133,Madelena,Tarbin,mtarbin3o@liveinternet.ru,Female,98.124.200.42
134,Raffaello,Wermerling,rwermerling3p@auda.org.au,Male,251.220.149.214
135,Maribelle,Durnan,mdurnan3q@cnet.com,Female,248.23.111.139
136,Emanuele,Songest,esongest3r@sciencedaily.com,Male,155.208.170.21
137,Karena,Wagen,kwagen3s@mozilla.com,Female,107.2.59.4
138,Jenica,Coysh,jcoysh3t@amazon.de,Female,101.31.182.74
139,Ash,Rosten,arosten3u@cafepress.com,Male,116.101.110.70
140,Krishnah,Scafe,kscafe3v@walmart.com,Male,165.121.241.95
141,Elora,Lathom,elathom3w@uol.com.br,Female,202.110.124.123
142,Hernando,Layzell,hlayzell3x@microsoft.com,Male,234.228.176.155
143,Tim,Ballinger,tballinger3y@shutterfly.com,Female,128.49.42.63
144,Garrott,Ludewig,gludewig3z@weibo.com,Male,109.150.228.137
145,Rossie,Castell,rcastell40@i2i.jp,Male,105.0.115.228
146,Oralla,Philcott,ophilcott41@qq.com,Female,71.96.97.203
147,Alejandro,Widdocks,awiddocks42@ocn.ne.jp,Male,149.223.5.53
148,Fawnia,Bairstow,fbairstow43@hatena.ne.jp,Female,30.174.214.82
149,Carena,D'Agostino,cdagostino44@hao123.com,Female,167.40.227.176
150,Guthrey,Petrichat,gpetrichat45@ihg.com,Male,158.233.153.141
151,Emera,Neale,eneale46@vkontakte.ru,Female,151.25.164.155
152,Rosemonde,Blakeman,rblakeman47@symantec.com,Female,115.86.65.14
153,Fraze,Kew,fkew48@icio.us,Male,196.189.173.39
154,Thea,Reames,treames49@plala.or.jp,Female,52.186.33.231
155,Rolland,Hanscome,rhanscome4a@dell.com,Male,37.196.149.5
156,Huberto,Hindge,hhindge4b@nytimes.com,Male,49.160.45.76
157,Zara,Jeayes,zjeayes4c@hugedomains.com,Female,243.4.208.188
158,Irena,Frankcombe,ifrankcombe4d@apple.com,Female,10.66.10.113
159,Edin,Worral,eworral4e@meetup.com,Female,147.115.91.132
160,Win,Bonett,wbonett4f@plala.or.jp,Male,56.161.210.97
161,Norbert,Klimkin,nklimkin4g@ycombinator.com,Male,246.143.29.145
162,Timothee,Bulloch,tbulloch4h@macromedia.com,Male,155.112.217.43
163,Chastity,Muddimer,cmuddimer4i@arstechnica.com,Female,52.135.17.25
164,Kermy,Alcalde,kalcalde4j@marriott.com,Male,136.84.163.1
165,Ashlen,Burford,aburford4k@wsj.com,Female,246.51.201.154
166,Sander,Bernadon,sbernadon4l@xrea.com,Male,123.168.103.209
167,Rochella,Clare,rclare4m@sciencedaily.com,Female,21.24.221.203
168,Dorian,Melanaphy,dmelanaphy4n@nbcnews.com,Male,77.190.147.11
169,Lazarus,Pawlicki,lpawlicki4o@yelp.com,Male,72.137.93.76
170,Joseph,Napleton,jnapleton4p@businesswire.com,Male,216.124.237.228
171,Randie,Hamblington,rhamblington4q@noaa.gov,Male,148.175.113.160
172,Tyrone,De Lascy,tdelascy4r@virginia.edu,Male,150.177.25.117
173,Florenza,Medeway,fmedeway4s@nifty.com,Female,65.26.254.8
174,Feodora,Chettoe,fchettoe4t@123-reg.co.uk,Female,82.53.72.16
175,Marena,Fipp,mfipp4u@washington.edu,Female,162.235.190.89
176,Verne,MacKonochie,vmackonochie4v@merriam-webster.com,Male,120.200.112.101
177,Morey,Ciubutaro,mciubutaro4w@yale.edu,Male,177.111.108.176
178,Isac,Giorgietto,igiorgietto4x@ustream.tv,Male,9.207.30.235
179,Jacob,Yashaev,jyashaev4y@angelfire.com,Male,50.254.93.237
180,Afton,Jansa,ajansa4z@craigslist.org,Female,47.234.237.246
181,Blakelee,Conrath,bconrath50@wordpress.com,Female,188.0.220.25
182,Vallie,Reddin,vreddin51@yahoo.co.jp,Female,5.20.232.140
183,Gal,Coram,gcoram52@businessweek.com,Male,4.246.36.164
184,Daphne,Ewers,dewers53@hubpages.com,Female,30.193.235.98
185,Shandee,Sitwell,ssitwell54@nifty.com,Female,92.147.139.143
186,Hedi,Richard,hrichard55@devhub.com,Female,63.137.142.27
187,Marietta,Roddick,mroddick56@prlog.org,Female,218.50.186.50
188,Tomasine,Convery,tconvery57@mozilla.com,Female,12.55.176.175
189,Tye,Humby,thumby58@uol.com.br,Male,148.124.51.206
190,Ivie,Prisley,iprisley59@cargocollective.com,Female,185.11.44.246
191,Philipa,Brandsma,pbrandsma5a@cloudflare.com,Female,33.18.233.76
192,Chris,Lambregts,clambregts5b@wufoo.com,Male,97.16.152.101
193,Ruddy,Streeter,rstreeter5c@exblog.jp,Male,60.221.22.81
194,Wilfrid,Digginson,wdigginson5d@rakuten.co.jp,Male,243.251.94.192
195,Evered,Enden,eenden5e@drupal.org,Male,174.182.27.177
196,Floyd,Dohms,fdohms5f@npr.org,Male,133.134.80.205
197,Milty,Pawling,mpawling5g@wufoo.com,Male,245.82.180.168
198,Bennie,Dymock,bdymock5h@bluehost.com,Female,79.58.83.218
199,Luigi,Peckham,lpeckham5i@java.com,Male,171.150.158.75
200,Clemence,Ervine,cervine5j@pbs.org,Female,243.4.16.225
201,Robyn,Roseveare,rroseveare5k@t-online.de,Female,183.101.69.40
202,Ricardo,Boothman,rboothman5l@cisco.com,Male,85.61.208.210
203,Willi,Verheyden,wverheyden5m@list-manage.com,Male,19.101.83.111
204,Barret,Dabels,bdabels5n@list-manage.com,Male,213.251.160.33
205,Allison,Quilleash,aquilleash5o@purevolume.com,Female,174.201.118.65
206,Aeriela,Colegate,acolegate5p@pinterest.com,Female,171.114.201.86
207,Gardner,MacGrath,gmacgrath5q@patch.com,Male,140.118.202.94
208,Keelby,MacLoughlin,kmacloughlin5r@1688.com,Male,193.143.95.168
209,Jerrine,Dutchburn,jdutchburn5s@google.it,Female,143.232.136.28
210,Simon,Duchan,sduchan5t@marriott.com,Male,57.41.61.115
211,Earvin,Tipperton,etipperton5u@yahoo.com,Male,56.186.200.177
212,Casi,Agnolo,cagnolo5v@alexa.com,Female,175.239.207.37
213,Chandler,Asser,casser5w@howstuffworks.com,Male,147.56.147.199
214,Lance,Montier,lmontier5x@samsung.com,Male,148.196.152.173
215,Peggy,Ransfield,pransfield5y@japanpost.jp,Female,53.5.59.179
216,Matteo,MacIlory,mmacilory5z@soundcloud.com,Male,25.241.247.223
217,Modesta,Pietersma,mpietersma60@wikimedia.org,Female,107.100.77.219
218,Marylynne,Figliovanni,mfigliovanni61@cbslocal.com,Female,212.154.59.36
219,Janeva,Labba,jlabba62@msu.edu,Female,132.101.97.102
220,Babbette,Dunnet,bdunnet63@blogtalkradio.com,Female,237.136.178.223
221,Noland,Agron,nagron64@dyndns.org,Male,63.150.139.111
222,Zach,Blain,zblain65@imdb.com,Male,0.60.223.112
223,Van,Blandford,vblandford66@google.com,Female,98.242.25.76
224,Cecilla,Wharf,cwharf67@tuttocitta.it,Female,220.177.157.200
225,Tamarra,Cawcutt,tcawcutt68@prlog.org,Female,87.41.151.53
226,Carline,Winear,cwinear69@ca.gov,Female,234.193.184.18
227,Caitrin,Bridewell,cbridewell6a@arstechnica.com,Female,144.83.167.148
228,Artemus,Sutherden,asutherden6b@miitbeian.gov.cn,Male,177.76.36.130
229,Irvine,Nail,inail6c@amazon.de,Male,212.241.211.228
230,Nicolais,Binder,nbinder6d@unesco.org,Male,102.176.68.185
231,Felix,Gatrell,fgatrell6e@wikipedia.org,Male,57.27.115.240
232,Domingo,De Ruel,dderuel6f@seattletimes.com,Male,115.119.251.55
233,Haze,Yellowlea,hyellowlea6g@wordpress.org,Male,178.60.193.121
234,Noby,Firks,nfirks6h@aol.com,Male,119.162.146.195
235,Ric,Pasterfield,rpasterfield6i@dedecms.com,Male,216.52.11.108
236,Padget,Braddick,pbraddick6j@utexas.edu,Male,149.227.13.136
237,Kipp,Eagleston,keagleston6k@fema.gov,Male,170.35.238.174
238,Iolande,Deverson,ideverson6l@github.com,Female,153.110.240.63
239,Oralie,Danniell,odanniell6m@cam.ac.uk,Female,217.44.51.154
240,Brett,Gravy,bgravy6n@gmpg.org,Female,65.32.9.92
241,Kevon,Westrey,kwestrey6o@cbc.ca,Male,142.3.63.123
242,Melania,Brezlaw,mbrezlaw6p@timesonline.co.uk,Female,203.23.89.5
243,Lyman,Lissandre,llissandre6q@shutterfly.com,Male,97.16.255.121
244,Efrem,MacDermid,emacdermid6r@delicious.com,Male,126.251.252.217
245,Kameko,Yarnold,kyarnold6s@xinhuanet.com,Female,55.41.65.221
246,Arie,Colten,acolten6t@sfgate.com,Male,134.249.130.124
247,Estella,Bower,ebower6u@myspace.com,Female,165.76.207.183
248,Abram,Kleinmintz,akleinmintz6v@ebay.com,Male,155.125.226.196
249,Alasdair,Vasyutkin,avasyutkin6w@nasa.gov,Male,166.134.7.193
250,Nev,MacIver,nmaciver6x@twitpic.com,Male,13.7.6.240
251,Inness,Ottam,iottam6y@wunderground.com,Male,251.158.219.98
252,Bertrand,Topham,btopham6z@pbs.org,Male,147.90.168.122
253,Orv,Cluitt,ocluitt70@hao123.com,Male,97.70.106.119
254,Salim,Waterfall,swaterfall71@sakura.ne.jp,Male,70.71.60.178
255,Lemuel,McKenna,lmckenna72@miibeian.gov.cn,Male,106.206.131.203
256,Merralee,Dimitriev,mdimitriev73@amazonaws.com,Female,98.32.15.251
257,Abigail,Swatheridge,aswatheridge74@dion.ne.jp,Female,95.74.204.213
258,Rodie,Ruckman,rruckman75@jiathis.com,Female,72.40.155.185
259,Ethe,Astie,eastie76@exblog.jp,Male,36.103.96.0
260,Chicky,Dalbey,cdalbey77@google.co.uk,Male,48.16.88.181
261,Vonny,Bach,vbach78@cocolog-nifty.com,Female,236.79.234.127
262,Pablo,Benez,pbenez79@walmart.com,Male,232.237.121.7
263,Ole,Cloy,ocloy7a@latimes.com,Male,111.27.91.15
264,Estele,Matias,ematias7b@mit.edu,Female,123.46.106.184
265,Orlan,Ary,oary7c@surveymonkey.com,Male,28.160.219.107
266,Towney,Elwel,telwel7d@chicagotribune.com,Male,31.188.229.181
267,Nero,Iorio,niorio7e@utexas.edu,Male,191.144.130.219
268,Onida,Barthropp,obarthropp7f@fema.gov,Female,27.181.144.165
269,Alwyn,Grady,agrady7g@ovh.net,Male,106.130.138.202
270,Zitella,Jiggins,zjiggins7h@zdnet.com,Female,228.96.88.104
271,Katti,Coonihan,kcoonihan7i@wiley.com,Female,132.111.240.59
272,Demeter,Mushawe,dmushawe7j@wufoo.com,Female,97.164.116.164
273,Hadley,Lowis,hlowis7k@scribd.com,Male,238.38.44.113
274,Margarita,Sacher,msacher7l@upenn.edu,Female,180.77.25.250
275,Edwina,Buesden,ebuesden7m@un.org,Female,59.29.250.219
276,Katharina,MacAdie,kmacadie7n@deviantart.com,Female,196.226.24.9
277,Corliss,Patrick,cpatrick7o@deviantart.com,Female,129.7.89.204
278,Krystle,Biddlecombe,kbiddlecombe7p@tripadvisor.com,Female,23.126.78.195
279,Calypso,Blasius,cblasius7q@google.cn,Female,112.41.80.182
280,Guinevere,Battle,gbattle7r@java.com,Female,211.116.79.40
281,Morey,Stolli,mstolli7s@toplist.cz,Male,151.230.117.255
282,Gil,Rockwell,grockwell7t@barnesandnoble.com,Male,221.172.85.111
283,Stace,Amesbury,samesbury7u@yahoo.com,Female,117.235.240.90
284,Danella,Banford,dbanford7v@nbcnews.com,Female,181.70.164.91
285,Antone,Uttridge,auttridge7w@salon.com,Male,227.74.163.128
286,Harlan,Povall,hpovall7x@hugedomains.com,Male,93.229.45.237
287,Lanita,Garlic,lgarlic7y@alibaba.com,Female,137.161.237.104
288,Zared,Jaume,zjaume7z@bloglines.com,Male,18.154.110.207
289,Hillier,Togher,htogher80@go.com,Male,33.219.112.89
290,Artus,Measen,ameasen81@wikimedia.org,Male,105.28.180.145
291,Janeen,Kays,jkays82@hubpages.com,Female,57.94.74.154
292,Llywellyn,Paradise,lparadise83@home.pl,Male,92.114.204.240
293,Livvie,Dougher,ldougher84@cpanel.net,Female,133.67.242.114
294,Jamaal,Boom,jboom85@symantec.com,Male,111.46.52.218
295,Aidan,Gypps,agypps86@wsj.com,Female,134.46.142.242
296,Dalis,Levane,dlevane87@github.io,Male,162.162.34.147
297,Yevette,Rollin,yrollin88@weebly.com,Female,130.209.29.241
298,Janeen,Drowsfield,jdrowsfield89@statcounter.com,Female,143.206.1.202
299,Orville,Dupree,odupree8a@comcast.net,Male,66.23.204.180
300,Hy,Shirlaw,hshirlaw8b@amazonaws.com,Male,4.255.32.37
301,Meta,Wolfit,mwolfit8c@gnu.org,Female,191.26.100.118
302,Viole,Ludye,vludye8d@unc.edu,Female,199.210.106.33
303,Elfrida,Selway,eselway8e@behance.net,Female,26.221.244.227
304,Moss,Pelcheur,mpelcheur8f@loc.gov,Male,133.232.239.130
305,Cassy,Clausson,cclausson8g@soup.io,Female,193.208.144.218
306,Hephzibah,Donnel,hdonnel8h@wiley.com,Female,83.149.239.26
307,Goddart,Moro,gmoro8i@toplist.cz,Male,87.57.84.70
308,Finley,Hurrell,fhurrell8j@utexas.edu,Male,219.190.226.134
309,Bartholemy,Ecclestone,becclestone8k@homestead.com,Male,68.243.32.157
310,Jayne,Velez,jvelez8l@china.com.cn,Female,143.207.181.92
311,Hazel,Momford,hmomford8m@shareasale.com,Male,22.132.89.139
312,Alphonse,Andrez,aandrez8n@bbc.co.uk,Male,159.231.30.130
313,Rosalinde,Troy,rtroy8o@meetup.com,Female,4.179.143.116
314,Andros,Botten,abotten8p@slate.com,Male,208.92.208.104
315,Trescha,Gales,tgales8q@accuweather.com,Female,37.69.130.215
316,Judy,Yeardley,jyeardley8r@theglobeandmail.com,Female,74.147.30.174
317,Alexina,Salvadore,asalvadore8s@cpanel.net,Female,131.93.188.84
318,Carmine,Manning,cmanning8t@fastcompany.com,Male,115.127.18.21
319,Annmarie,Brumen,abrumen8u@phoca.cz,Female,28.150.234.80
320,Caressa,Bruhnsen,cbruhnsen8v@usatoday.com,Female,148.89.196.144
321,Katrina,Roscher,kroscher8w@dyndns.org,Female,53.76.149.103
322,Jenelle,Reggler,jreggler8x@sitemeter.com,Female,210.162.170.17
323,Remy,Abbot,rabbot8y@cbsnews.com,Female,182.148.178.70
324,Thalia,Cronchey,tcronchey8z@a8.net,Female,50.117.150.32
325,Denise,Alliker,dalliker90@qq.com,Female,232.23.53.153
326,Lexis,Egan,legan91@smugmug.com,Female,124.92.62.107
327,Germaine,Grenfell,ggrenfell92@fastcompany.com,Male,19.49.183.161
328,Ailene,Teeney,ateeney93@wiley.com,Female,175.231.87.126
329,Tobe,Schultes,tschultes94@china.com.cn,Female,56.244.152.39
330,Friederike,Cardenas,fcardenas95@cnbc.com,Female,235.111.237.174
331,Emlen,Sywell,esywell96@cbslocal.com,Male,153.21.8.160
332,Caren,Monnoyer,cmonnoyer97@cnet.com,Female,29.164.23.58
333,Teddie,Beaufoy,tbeaufoy98@amazonaws.com,Female,15.190.150.200
334,Alisun,Vamplew,avamplew99@bluehost.com,Female,109.63.60.244
335,Lurette,Renshaw,lrenshaw9a@360.cn,Female,63.137.53.106
336,Marsha,Pee,mpee9b@w3.org,Female,193.96.233.10
337,Ailee,Seekings,aseekings9c@w3.org,Female,32.227.83.167
338,Farand,Horrigan,fhorrigan9d@answers.com,Female,1.159.57.244
339,Annabelle,Antonognoli,aantonognoli9e@dmoz.org,Female,191.249.161.188
340,Arri,Diprose,adiprose9f@prweb.com,Male,33.140.216.8
341,Mack,Studman,mstudman9g@miibeian.gov.cn,Male,21.32.85.149
342,Di,Kinson,dkinson9h@t-online.de,Female,93.187.51.242
343,Berkie,Jurisic,bjurisic9i@odnoklassniki.ru,Male,69.179.220.164
344,Kelcey,Rebert,krebert9j@bravesites.com,Female,155.39.162.36
345,Dixie,Camillo,dcamillo9k@wiley.com,Female,176.16.254.82
346,Reinaldos,Herley,rherley9l@cloudflare.com,Male,181.45.236.104
347,Ginnie,Antao,gantao9m@github.com,Female,42.111.189.59
348,Hartwell,Lancley,hlancley9n@goo.ne.jp,Male,102.236.63.62
349,Cassey,Rosebotham,crosebotham9o@ft.com,Female,159.103.230.104
350,Kinny,Gratrix,kgratrix9p@github.io,Male,138.66.233.89
351,Jorgan,Georgescu,jgeorgescu9q@google.com.br,Male,187.245.33.11
352,Briny,Ortzen,bortzen9r@stanford.edu,Female,172.2.191.91
353,Goddart,Kief,gkief9s@cdbaby.com,Male,152.84.83.111
354,Der,Espie,despie9t@dropbox.com,Male,251.203.109.49
355,Norma,Connor,nconnor9u@army.mil,Female,78.247.242.85
356,Enrica,Cossum,ecossum9v@networksolutions.com,Female,230.46.202.15
357,Erica,Dobeson,edobeson9w@microsoft.com,Female,209.99.106.113
358,Renault,McTrusty,rmctrusty9x@gravatar.com,Male,12.227.218.243
359,Tamma,Lindroos,tlindroos9y@archive.org,Female,211.68.177.217
360,Cornie,Odeson,codeson9z@amazonaws.com,Female,241.106.245.65
361,Carleen,Dobrovolny,cdobrovolnya0@nba.com,Female,201.209.120.45
362,Donnell,Spellacy,dspellacya1@smh.com.au,Male,64.46.93.174
363,Celinda,Lydon,clydona2@oakley.com,Female,249.78.124.71
364,Schuyler,Nobes,snobesa3@ucsd.edu,Male,172.154.33.174
365,Brand,Ballston,bballstona4@comsenz.com,Male,155.158.163.145
366,Guthrie,Karpychev,gkarpycheva5@goo.ne.jp,Male,228.208.47.17
367,Larissa,Ricarde,lricardea6@vinaora.com,Female,67.194.101.10
368,Koressa,Rhead,krheada7@state.tx.us,Female,229.224.169.82
369,Janeczka,Cullingworth,jcullingwortha8@wsj.com,Female,69.158.189.130
370,Yorke,Verbruggen,yverbruggena9@marketwatch.com,Male,131.182.7.245
371,Hyman,Sant,hsantaa@parallels.com,Male,158.227.59.237
372,Noby,Impy,nimpyab@zdnet.com,Male,109.113.0.84
373,Carce,Brolan,cbrolanac@amazon.com,Male,243.82.255.0
374,Eadith,Cranstoun,ecranstounad@amazon.co.jp,Female,220.125.102.50
375,Levin,Ivanchikov,livanchikovae@google.com.br,Male,141.197.22.74
376,Rem,Conaghy,rconaghyaf@jigsy.com,Male,3.187.180.160
377,Alexandro,Kluger,aklugerag@upenn.edu,Male,81.239.71.135
378,Caitlin,Manie,cmanieah@ted.com,Female,159.164.175.77
379,Lira,Anneslie,lanneslieai@storify.com,Female,52.160.65.134
380,Silvan,Hacquel,shacquelaj@delicious.com,Male,25.234.223.39
381,Padraic,Shillaker,pshillakerak@craigslist.org,Male,162.121.145.40
382,Dody,Lipman,dlipmanal@europa.eu,Female,245.97.196.189
383,Byran,Pallatina,bpallatinaam@reddit.com,Male,130.185.171.119
384,Cyrill,Sidgwick,csidgwickan@com.com,Male,55.163.32.176
385,Tandie,Maddox,tmaddoxao@uiuc.edu,Female,150.125.179.66
386,Otho,O'Dulchonta,oodulchontaap@economist.com,Male,22.42.76.149
387,Ingrid,Mc Dermid,imcdermidaq@google.co.jp,Female,241.90.120.41
388,Bernhard,Marjanski,bmarjanskiar@fema.gov,Male,140.132.180.197
389,Wileen,Lott,wlottas@freewebs.com,Female,147.232.123.107
390,Alexis,Brecknock,abrecknockat@un.org,Male,101.120.7.128
391,Ronni,Getch,rgetchau@comsenz.com,Female,189.10.155.175
392,Erica,Vanyutin,evanyutinav@livejournal.com,Female,240.132.152.133
393,Saba,Moon,smoonaw@smh.com.au,Female,221.89.193.150
394,Anthia,Raoux,araouxax@examiner.com,Female,134.61.248.230
395,Hestia,McFadden,hmcfaddenay@phpbb.com,Female,63.10.91.248
396,Clerissa,Waycott,cwaycottaz@xrea.com,Female,213.16.199.31
397,Kathe,Normabell,knormabellb0@mozilla.org,Female,246.33.143.209
398,Freddi,Giles,fgilesb1@xinhuanet.com,Female,27.254.195.188
399,Alissa,O'Hagan,aohaganb2@chicagotribune.com,Female,195.251.62.217
400,Amitie,Elwin,aelwinb3@symantec.com,Female,140.159.133.19
401,Bridie,Balkwill,bbalkwillb4@ucsd.edu,Female,178.107.126.101
402,Aron,Christmas,achristmasb5@printfriendly.com,Male,22.249.191.95
403,Donalt,Vaune,dvauneb6@yolasite.com,Male,180.226.18.97
404,Leontine,Champain,lchampainb7@google.co.uk,Female,78.93.235.220
405,Kira,Cakes,kcakesb8@github.io,Female,104.132.90.141
406,Bess,Beadnall,bbeadnallb9@fda.gov,Female,70.174.229.247
407,Florencia,Morville,fmorvilleba@oaic.gov.au,Female,242.157.41.220
408,Ram,Scardefield,rscardefieldbb@github.io,Male,219.158.151.109
409,Ellswerth,Sheal,eshealbc@gov.uk,Male,250.90.152.226
410,Tasha,Kyllford,tkyllfordbd@guardian.co.uk,Female,6.151.196.19
411,Emiline,Wilden,ewildenbe@cyberchimps.com,Female,138.16.215.12
412,Carmelina,Coatts,ccoattsbf@printfriendly.com,Female,4.97.100.63
413,Tera,Marple,tmarplebg@gizmodo.com,Female,89.141.203.212
414,Aloin,Delos,adelosbh@simplemachines.org,Male,213.154.210.184
415,Tersina,Scare,tscarebi@shop-pro.jp,Female,93.142.31.245
416,Ludovika,Olle,lollebj@i2i.jp,Female,61.9.163.128
417,Elinore,Hindrick,ehindrickbk@webmd.com,Female,56.185.253.11
418,Doti,Undrell,dundrellbl@noaa.gov,Female,145.127.221.53
419,Salome,Llewelly,sllewellybm@typepad.com,Female,111.131.163.28
420,Valene,Longhirst,vlonghirstbn@nifty.com,Female,65.228.19.100
421,Hadley,Atyeo,hatyeobo@people.com.cn,Male,139.69.152.135
422,Elisha,Purselow,epurselowbp@reuters.com,Female,253.28.84.10
423,Kellina,Imore,kimorebq@guardian.co.uk,Female,224.168.98.164
424,Tris,Fowlestone,tfowlestonebr@blogtalkradio.com,Male,218.155.185.104
425,Kerry,Crinage,kcrinagebs@ehow.com,Female,76.148.5.162
426,Lucy,Bolam,lbolambt@rediff.com,Female,117.25.172.123
427,Carlotta,McGinn,cmcginnbu@dailymotion.com,Female,253.11.98.1
428,Milena,Langstrath,mlangstrathbv@myspace.com,Female,33.182.85.124
429,Iago,Courage,icouragebw@youku.com,Male,68.148.91.168
430,Rhetta,Hewes,rhewesbx@wisc.edu,Female,192.125.137.14
431,Rolf,Linzey,rlinzeyby@nih.gov,Male,100.149.111.176
432,Frank,Perrygo,fperrygobz@ted.com,Male,62.218.54.205
433,Humphrey,Ducrow,hducrowc0@hibu.com,Male,126.195.74.50
434,Pansy,Duffree,pduffreec1@latimes.com,Female,221.76.247.127
435,Lindy,Kelly,lkellyc2@opensource.org,Male,239.210.118.63
436,Florida,Kreuzer,fkreuzerc3@sciencedirect.com,Female,93.66.118.158
437,Fitz,Rendbaek,frendbaekc4@gravatar.com,Male,231.241.87.162
438,Elmo,Phelit,ephelitc5@taobao.com,Male,238.98.26.190
439,Esmeralda,Glandfield,eglandfieldc6@imdb.com,Female,145.174.47.235
440,Hyacinthie,Bovis,hbovisc7@apache.org,Female,177.14.90.32
441,Kiley,Conen,kconenc8@comsenz.com,Male,185.148.225.205
442,Ashlan,Niesegen,aniesegenc9@artisteer.com,Female,69.210.69.161
443,Elisa,Edwicker,eedwickerca@archive.org,Female,58.133.38.241
444,Reinold,Cullen,rcullencb@msn.com,Male,219.196.229.105
445,Alex,Bertelsen,abertelsencc@themeforest.net,Female,121.67.93.96
446,Chelsey,Pinckard,cpinckardcd@biblegateway.com,Female,15.141.186.92
447,Ed,Ditzel,editzelce@digg.com,Male,210.162.24.74
448,Wallache,Duchan,wduchancf@springer.com,Male,86.21.217.21
449,Kissie,Revel,krevelcg@dropbox.com,Female,27.161.219.144
450,Kira,Writtle,kwrittlech@tinyurl.com,Female,239.125.238.79
451,Issi,Rayworth,irayworthci@abc.net.au,Female,169.192.189.217
452,Carney,Doylend,cdoylendcj@amazon.co.jp,Male,149.110.245.243
453,Antoni,Ertel,aertelck@google.es,Male,152.248.82.76
454,Brigg,Swallow,bswallowcl@over-blog.com,Male,71.229.112.94
455,Gillan,Beever,gbeevercm@topsy.com,Female,146.11.46.47
456,Mikaela,Rosson,mrossoncn@ycombinator.com,Female,107.126.234.212
457,Selene,Petrelluzzi,spetrelluzzico@yandex.ru,Female,249.7.173.168
458,Roxana,Mohammed,rmohammedcp@domainmarket.com,Female,26.59.103.163
459,Laurice,Howitt,lhowittcq@eventbrite.com,Female,154.101.45.246
460,Ozzy,Emerine,oemerinecr@java.com,Male,248.64.104.95
461,Kelcey,Keeri,kkeerics@google.co.jp,Female,218.2.181.107
462,Sarita,Gerrelt,sgerreltct@blogtalkradio.com,Female,152.117.53.66
463,Easter,Hargreves,ehargrevescu@is.gd,Female,89.197.218.32
464,Martino,Milksop,mmilksopcv@europa.eu,Male,106.55.188.138
465,Christean,Calderwood,ccalderwoodcw@t-online.de,Female,182.141.162.31
466,Roderigo,Rylands,rrylandscx@lycos.com,Male,8.217.13.22
467,Haily,Atkirk,hatkirkcy@163.com,Female,125.159.49.206
468,Shurlock,Mitham,smithamcz@gmpg.org,Male,254.206.191.113
469,Skye,Barrus,sbarrusd0@who.int,Male,97.212.5.190
470,Adela,Flann,aflannd1@bing.com,Female,36.51.174.172
471,Jeffy,Ridel,jrideld2@myspace.com,Male,130.168.41.38
472,Jourdain,Deare,jdeared3@pinterest.com,Male,234.86.200.211
473,Arlen,Dowbekin,adowbekind4@theatlantic.com,Female,223.253.208.166
474,Trude,Townshend,ttownshendd5@mlb.com,Female,42.62.70.26
475,Obediah,Corse,ocorsed6@ifeng.com,Male,152.84.178.89
476,Vivyanne,Pomfrett,vpomfrettd7@last.fm,Female,206.133.47.212
477,Joete,Toulch,jtoulchd8@scientificamerican.com,Female,101.241.127.186
478,Willetta,Mearing,wmearingd9@google.com.au,Female,166.128.166.3
479,Zulema,Vials,zvialsda@wiley.com,Female,213.115.252.82
480,Filmer,Kenney,fkenneydb@toplist.cz,Male,168.77.26.255
481,Delano,Burdass,dburdassdc@irs.gov,Male,251.230.155.159
482,Jenda,Legrave,jlegravedd@sun.com,Female,179.106.140.233
483,Gardie,D'Ruel,gdruelde@1und1.de,Male,125.247.71.121
484,Hillary,Mico,hmicodf@nps.gov,Female,92.86.6.190
485,Sarene,McElvine,smcelvinedg@illinois.edu,Female,164.47.237.250
486,Tessie,Dowman,tdowmandh@behance.net,Female,46.64.222.158
487,Carolyn,Ferriman,cferrimandi@canalblog.com,Female,149.114.150.179
488,Rolf,Deveraux,rdeverauxdj@cbsnews.com,Male,105.129.171.226
489,Eldredge,Berger,ebergerdk@cdc.gov,Male,19.88.4.245
490,Gauthier,Sigmund,gsigmunddl@homestead.com,Male,18.183.98.61
491,Alix,Ruegg,arueggdm@tamu.edu,Female,47.70.102.74
492,Cob,Oleszkiewicz,coleszkiewiczdn@webnode.com,Male,17.78.90.14
493,Nita,Licciardo,nlicciardodo@timesonline.co.uk,Female,166.199.165.214
494,Wiatt,Veeler,wveelerdp@wsj.com,Male,103.176.160.212
495,Chauncey,Tebbett,ctebbettdq@google.nl,Male,220.22.216.241
496,Akim,Roggero,aroggerodr@usa.gov,Male,114.203.252.227
497,Morry,Buckerfield,mbuckerfieldds@clickbank.net,Male,255.234.158.251
498,Shannah,Eydel,seydeldt@tamu.edu,Female,34.218.195.33
499,Anthe,Worner,awornerdu@over-blog.com,Female,93.92.146.104
500,Leonore,Shower,lshowerdv@springer.com,Female,11.72.172.225
501,Lyndsie,Bertouloume,lbertouloumedw@harvard.edu,Female,127.109.198.144
502,Griffy,Schoffler,gschofflerdx@edublogs.org,Male,1.225.90.216
503,Jimmie,Denerley,jdenerleydy@nba.com,Male,151.156.207.43
504,Trixi,Clapton,tclaptondz@admin.ch,Female,176.244.214.83
505,Drud,Phifer,dphifere0@tripod.com,Male,25.81.101.217
506,Harold,Baddow,hbaddowe1@edublogs.org,Male,122.143.208.186
507,Cirstoforo,Teek,cteeke2@last.fm,Male,156.153.214.69
508,Staffard,Leggon,sleggone3@ucoz.ru,Male,89.30.106.137
509,Kin,Galvin,kgalvine4@com.com,Male,197.214.71.108
510,Melisa,Duckerin,mduckerine5@hugedomains.com,Female,188.200.46.120
511,Urbano,Letixier,uletixiere6@ow.ly,Male,65.83.16.156
512,Jard,Garms,jgarmse7@arstechnica.com,Male,224.62.140.8
513,Fee,Garm,fgarme8@merriam-webster.com,Male,61.204.250.124
514,Marie,Blanking,mblankinge9@fotki.com,Female,111.183.69.159
515,Coralie,Heimann,cheimannea@hostgator.com,Female,108.70.111.231
516,Way,Ilymanov,wilymanoveb@guardian.co.uk,Male,29.234.70.246
517,Sloan,McSpirron,smcspirronec@digg.com,Male,203.57.61.208
518,Atlanta,Bains,abainsed@wp.com,Female,69.128.142.1
519,Sapphira,Astbery,sastberyee@spiegel.de,Female,51.147.29.72
520,Tannie,Tapson,ttapsonef@washington.edu,Male,239.236.47.19
521,Von,Ouldcott,vouldcotteg@cbc.ca,Male,161.7.84.162
522,Corty,Hourihan,chourihaneh@w3.org,Male,224.48.164.174
523,Dean,Slopier,dslopierei@ed.gov,Male,20.105.72.102
524,Renae,Paulich,rpaulichej@webmd.com,Female,143.212.95.2
525,Arte,Warrington,awarringtonek@seattletimes.com,Male,103.1.113.217
526,Doll,Redholes,dredholesel@indiatimes.com,Female,20.27.115.199
527,Kerrin,Goldstone,kgoldstoneem@blinklist.com,Female,149.255.102.205
528,Christan,Knowlden,cknowldenen@hao123.com,Female,191.139.31.174
529,Ezechiel,Canceller,ecancellereo@zdnet.com,Male,222.171.0.189
530,Clair,Burde,cburdeep@ihg.com,Male,84.215.82.172
531,Terrijo,Simoncini,tsimoncinieq@apache.org,Female,206.184.67.156
532,Bride,Sandle,bsandleer@uol.com.br,Female,170.190.74.163
533,Allie,Drennan,adrennanes@cdbaby.com,Male,197.87.246.50
534,Jessie,Gethin,jgethinet@smugmug.com,Female,170.75.29.5
535,Alicea,Selbie,aselbieeu@dropbox.com,Female,44.65.17.141
536,Micheal,Fones,mfonesev@reddit.com,Male,187.91.224.76
537,Patten,Domini,pdominiew@kickstarter.com,Male,62.59.84.25
538,Hyacinth,Ivankin,hivankinex@discuz.net,Female,69.59.102.13
539,Cathrine,Monkman,cmonkmaney@cnbc.com,Female,193.121.108.68
540,Karlen,Easthope,keasthopeez@symantec.com,Female,182.202.165.204
541,Shandee,Nowland,snowlandf0@bbb.org,Female,20.96.41.68
542,Emiline,Grinvalds,egrinvaldsf1@bloglovin.com,Female,63.47.244.0
543,Raychel,Genge,rgengef2@skype.com,Female,51.73.73.117
544,Shannah,Willimott,swillimottf3@house.gov,Female,185.159.247.31
545,Giffy,Briscow,gbriscowf4@google.com.hk,Male,62.55.182.250
546,Gale,Delmage,gdelmagef5@ft.com,Female,102.238.28.213
547,Ferdy,Lankford,flankfordf6@cargocollective.com,Male,118.230.34.38
548,Ced,Milius,cmiliusf7@cyberchimps.com,Male,144.72.179.241
549,Carolyne,Soane,csoanef8@sogou.com,Female,101.0.245.72
550,Clyve,Backshall,cbackshallf9@1und1.de,Male,231.150.148.102
551,Aguie,Andreone,aandreonefa@blog.com,Male,126.16.201.204
552,Guillema,Deaville,gdeavillefb@about.com,Female,173.188.56.52
553,Carri,Buckenham,cbuckenhamfc@t-online.de,Female,115.192.163.74
554,Editha,McClaurie,emcclauriefd@fema.gov,Female,0.119.38.24
555,Jeri,Reasce,jreascefe@cnbc.com,Female,223.248.121.106
556,Jeff,Wiggin,jwigginff@diigo.com,Male,67.29.212.158
557,Portia,Nealy,pnealyfg@g.co,Female,111.5.111.76
558,Ingeborg,Pietrowski,ipietrowskifh@zimbio.com,Female,26.11.247.142
559,Husain,Scholler,hschollerfi@cbc.ca,Male,190.203.20.206
560,Shawn,Upward,supwardfj@amazon.co.jp,Female,79.252.226.133
561,Lissa,Kohneke,lkohnekefk@reference.com,Female,78.230.10.5
562,Renell,Wadmore,rwadmorefl@omniture.com,Female,0.66.116.234
563,Reamonn,Basil,rbasilfm@phpbb.com,Male,58.199.243.16
564,Bernardine,Cato,bcatofn@is.gd,Female,26.224.35.79
565,Giustina,Gooda,ggoodafo@newyorker.com,Female,66.109.32.169
566,Gabriela,Leeson,gleesonfp@weibo.com,Female,89.207.27.154
567,Odilia,Lamping,olampingfq@scribd.com,Female,132.71.131.251
568,Dasie,Corton,dcortonfr@webeden.co.uk,Female,107.156.246.75
569,Lulita,Niccols,lniccolsfs@artisteer.com,Female,200.234.24.105
570,Melvyn,Connolly,mconnollyft@foxnews.com,Male,241.215.223.5
571,Scott,McLay,smclayfu@newyorker.com,Male,83.215.229.16
572,Selie,Santen,ssantenfv@narod.ru,Female,75.186.39.159
573,Lauritz,Sabbins,lsabbinsfw@instagram.com,Male,223.113.162.52
574,Jerrine,Slatcher,jslatcherfx@cocolog-nifty.com,Female,185.51.223.144
575,Aldous,Humbey,ahumbeyfy@jiathis.com,Male,148.212.102.156
576,Nefen,Mardle,nmardlefz@ebay.com,Male,158.30.85.184
577,Randie,Farnhill,rfarnhillg0@cafepress.com,Female,222.142.129.61
578,Darn,Snazel,dsnazelg1@gnu.org,Male,133.85.162.152
579,Reid,Duckitt,rduckittg2@mapy.cz,Male,25.248.253.143
580,Jojo,Duffrie,jduffrieg3@webeden.co.uk,Female,182.175.244.1
581,Geraldine,Tack,gtackg4@istockphoto.com,Female,198.82.84.86
582,Karina,Boote,kbooteg5@eepurl.com,Female,167.12.60.123
583,Neddie,Dain,ndaing6@time.com,Male,49.12.156.234
584,Dari,Card,dcardg7@earthlink.net,Female,147.172.72.182
585,Andonis,Gervaise,agervaiseg8@w3.org,Male,111.140.217.185
586,Cori,Alexsandrev,calexsandrevg9@storify.com,Male,18.232.141.109
587,Devonne,Dyde,ddydega@reference.com,Female,2.250.158.145
588,Augie,Burt,aburtgb@ucsd.edu,Male,29.231.77.75
589,Minny,McGrory,mmcgrorygc@cdbaby.com,Female,148.31.71.104
590,Berk,Keedwell,bkeedwellgd@intel.com,Male,63.251.149.24
591,Phaedra,Hiddsley,phiddsleyge@amazon.co.uk,Female,122.228.41.108
592,Phelia,Bangley,pbangleygf@blog.com,Female,62.63.90.124
593,Domenico,Eacle,deaclegg@jalbum.net,Male,65.66.224.159
594,Riobard,Abbotts,rabbottsgh@miitbeian.gov.cn,Male,165.189.36.22
595,Nell,Dunphy,ndunphygi@si.edu,Female,122.241.11.191
596,Antons,Henriet,ahenrietgj@hostgator.com,Male,48.207.15.184
597,Lishe,Croydon,lcroydongk@nba.com,Female,189.226.12.223
598,Brandise,Ferrone,bferronegl@feedburner.com,Female,61.181.212.10
599,Lucais,Wysome,lwysomegm@csmonitor.com,Male,22.99.193.183
600,Randy,Pobjoy,rpobjoygn@netvibes.com,Female,156.243.206.237
601,Obadias,Tompkiss,otompkissgo@zdnet.com,Male,58.16.64.172
602,Tedra,Bahia,tbahiagp@sina.com.cn,Female,34.119.141.5
603,Minnie,Finkle,mfinklegq@icq.com,Female,64.4.217.121
604,Nikki,Pioli,npioligr@imageshack.us,Female,9.69.76.121
605,Demetrius,Baynard,dbaynardgs@networkadvertising.org,Male,104.97.244.109
606,Reider,Clethro,rclethrogt@blogspot.com,Male,171.96.143.103
607,Guthrey,Begley,gbegleygu@theguardian.com,Male,38.13.102.82
608,Arvy,Figure,afiguregv@123-reg.co.uk,Male,42.223.118.58
609,Ilene,Bavidge,ibavidgegw@nbcnews.com,Female,199.36.43.83
610,Dot,Josephs,djosephsgx@usnews.com,Female,250.206.84.88
611,Gay,Conen,gconengy@tripod.com,Male,148.183.244.31
612,Darrick,Mansfield,dmansfieldgz@parallels.com,Male,156.82.132.156
613,Shanan,Reddick,sreddickh0@cargocollective.com,Male,136.179.150.227
614,Anthiathia,Hazelden,ahazeldenh1@auda.org.au,Female,173.149.20.209
615,Alfonse,Talks,atalksh2@vk.com,Male,160.168.94.170
616,Roxanna,Farge,rfargeh3@purevolume.com,Female,222.151.117.202
617,Uri,Moylan,umoylanh4@dailymail.co.uk,Male,247.55.238.32
618,Sascha,Dusey,sduseyh5@ucla.edu,Female,224.240.162.247
619,Bronson,Pettican,bpetticanh6@wikispaces.com,Male,8.169.129.89
620,Jorrie,Dulieu,jdulieuh7@dedecms.com,Female,99.79.213.95
621,Barbi,Keave,bkeaveh8@clickbank.net,Female,7.89.99.137
622,Torry,Tweedy,ttweedyh9@list-manage.com,Male,34.94.14.204
623,Winnah,Ambrogiotti,wambrogiottiha@ebay.co.uk,Female,229.0.76.120
624,Pascale,Stansbie,pstansbiehb@artisteer.com,Male,7.225.195.69
625,Guinevere,Pithie,gpithiehc@gravatar.com,Female,215.103.136.209
626,Gail,Briddle,gbriddlehd@google.com,Female,65.17.18.91
627,Colette,Moulden,cmouldenhe@aboutads.info,Female,152.163.215.78
628,Gian,Meekin,gmeekinhf@diigo.com,Male,131.45.131.147
629,Cass,Franschini,cfranschinihg@posterous.com,Female,209.167.71.73
630,Nevin,McKeevers,nmckeevershh@businessweek.com,Male,254.138.106.127
631,Aurelea,Mateescu,amateescuhi@google.pl,Female,198.234.246.60
632,Winny,Marchington,wmarchingtonhj@timesonline.co.uk,Female,184.244.130.52
633,Emiline,Patron,epatronhk@cbslocal.com,Female,135.229.220.111
634,Chandal,Frosch,cfroschhl@cnet.com,Female,21.49.226.81
635,Manuel,Laverty,mlavertyhm@toplist.cz,Male,51.56.85.80
636,Fax,Assiratti,fassirattihn@census.gov,Male,165.140.9.69
637,Sigmund,Wildt,swildtho@imageshack.us,Male,77.181.174.180
638,Donavon,Darter,ddarterhp@google.fr,Male,68.63.249.99
639,Conan,Cristol,ccristolhq@ustream.tv,Male,78.9.164.94
640,Jasmina,Alves,jalveshr@lulu.com,Female,240.43.202.224
641,Trip,Loughran,tloughranhs@harvard.edu,Male,218.133.122.74
642,Mariya,Skamal,mskamalht@vistaprint.com,Female,177.222.83.89
643,Stormi,Riepel,sriepelhu@tiny.cc,Female,239.61.36.36
644,Katerina,Ridewood,kridewoodhv@globo.com,Female,129.91.226.108
645,Panchito,Clackers,pclackershw@toplist.cz,Male,143.41.41.114
646,Tye,Curry,tcurryhx@accuweather.com,Male,90.253.232.71
647,Vicky,Huntress,vhuntresshy@admin.ch,Female,46.186.175.171
648,Gussi,O'Halligan,gohalliganhz@opensource.org,Female,204.20.116.158
649,Anni,Severn,aseverni0@cnet.com,Female,193.1.93.63
650,Kerwin,Snoxill,ksnoxilli1@mapquest.com,Male,241.60.33.77
651,Odella,Freeborne,ofreebornei2@google.co.uk,Female,59.6.67.95
652,Donn,Cracker,dcrackeri3@mediafire.com,Male,180.104.87.78
653,Dusty,Killingsworth,dkillingsworthi4@spotify.com,Female,219.62.17.133
654,Creighton,Klesel,ckleseli5@oracle.com,Male,74.145.120.124
655,Jewelle,Cogzell,jcogzelli6@imageshack.us,Female,57.46.52.164
656,Emelyne,Penquet,epenqueti7@cbsnews.com,Female,230.136.118.249
657,Jone,Evason,jevasoni8@a8.net,Male,225.163.177.138
658,Sonny,Demare,sdemarei9@mysql.com,Male,205.54.222.1
659,Gabe,Gresch,ggreschia@wordpress.com,Male,219.97.23.55
660,Travis,McLernon,tmclernonib@mayoclinic.com,Male,231.74.135.97
661,Niel,Glander,nglanderic@cloudflare.com,Male,199.98.101.24
662,Darleen,Sharply,dsharplyid@xinhuanet.com,Female,86.87.102.31
663,Tudor,Gecks,tgecksie@tripod.com,Male,90.62.174.44
664,Wiatt,Silkston,wsilkstonif@stumbleupon.com,Male,90.116.223.45
665,Harris,Jonathon,hjonathonig@dyndns.org,Male,224.124.240.193
666,Magdalena,Muino,mmuinoih@npr.org,Female,97.75.72.35
667,Nathanil,Manjot,nmanjotii@xrea.com,Male,171.150.198.199
668,Merla,Goch,mgochij@army.mil,Female,178.230.6.53
669,Sasha,Cornil,scornilik@yolasite.com,Male,164.27.160.215
670,Maddy,MacKim,mmackimil@51.la,Male,117.141.5.59
671,Olga,Torregiani,otorregianiim@independent.co.uk,Female,38.76.72.68
672,Edi,Coit,ecoitin@privacy.gov.au,Female,46.121.36.82
673,Gan,Spur,gspurio@chicagotribune.com,Male,63.67.194.106
674,Adrian,Yeskov,ayeskovip@uiuc.edu,Male,22.56.35.71
675,Alaric,Clutten,aclutteniq@geocities.com,Male,176.192.125.189
676,Emma,Lochran,elochranir@istockphoto.com,Female,149.57.17.179
677,Asia,Momery,amomeryis@biblegateway.com,Female,185.123.14.115
678,Sandye,Wimmer,swimmerit@vkontakte.ru,Female,162.16.67.149
679,Lara,Petley,lpetleyiu@wikispaces.com,Female,178.234.233.218
680,Winslow,Pleuman,wpleumaniv@topsy.com,Male,138.238.88.221
681,Nickolai,Oleksiak,noleksiakiw@ovh.net,Male,55.136.239.79
682,Crysta,Gregoriou,cgregoriouix@booking.com,Female,142.81.244.34
683,Quincy,Borres,qborresiy@sciencedirect.com,Male,83.17.38.99
684,Reina,Benedyktowicz,rbenedyktowicziz@t.co,Female,65.95.98.58
685,Illa,Sexon,isexonj0@cpanel.net,Female,124.174.205.121
686,Diarmid,Manuel,dmanuelj1@jiathis.com,Male,252.218.66.14
687,Modestine,Habershaw,mhabershawj2@multiply.com,Female,114.27.204.98
688,Bastien,Arlow,barlowj3@umich.edu,Male,84.94.146.215
689,Basia,Gleder,bglederj4@sakura.ne.jp,Female,166.148.105.125
690,Indira,Starr,istarrj5@bbc.co.uk,Female,75.228.146.182
691,Stephie,Leefe,sleefej6@nhs.uk,Female,50.182.180.193
692,Jimmy,Kalinsky,jkalinskyj7@aboutads.info,Male,223.179.198.72
693,Forrest,Skune,fskunej8@eepurl.com,Male,37.129.113.52
694,Rosemonde,McKibbin,rmckibbinj9@amazon.de,Female,230.179.208.115
695,Kata,Treker,ktrekerja@oaic.gov.au,Female,234.248.216.244
696,Rodrick,Crowdy,rcrowdyjb@walmart.com,Male,198.194.145.17
697,Ines,Antley,iantleyjc@freewebs.com,Female,69.14.75.45
698,Marrilee,Crighton,mcrightonjd@ovh.net,Female,134.220.57.38
699,Griffith,Tocknell,gtocknellje@over-blog.com,Male,161.115.129.34
700,Brittani,Marling,bmarlingjf@narod.ru,Female,76.225.231.208
701,Westley,Ottosen,wottosenjg@telegraph.co.uk,Male,67.72.85.123
702,Nicol,Fells,nfellsjh@shareasale.com,Male,149.163.32.6
703,Latrena,Croasdale,lcroasdaleji@clickbank.net,Female,211.39.47.166
704,Whittaker,Hattam,whattamjj@hostgator.com,Male,25.188.52.77
705,Mireielle,Gadsby,mgadsbyjk@uiuc.edu,Female,34.73.131.183
706,Mel,Astell,mastelljl@google.co.jp,Female,159.84.200.250
707,Barbabra,Blaase,bblaasejm@ihg.com,Female,244.177.14.56
708,Maegan,Stuart,mstuartjn@google.com.hk,Female,56.141.116.129
709,Margareta,Rambaut,mrambautjo@comsenz.com,Female,20.11.181.99
710,Seka,Mackison,smackisonjp@ft.com,Female,140.104.201.161
711,Desmund,Bernardes,dbernardesjq@imageshack.us,Male,91.203.135.46
712,Sybyl,Martinet,smartinetjr@ehow.com,Female,63.85.191.58
713,Theressa,Bastie,tbastiejs@blog.com,Female,174.50.159.120
714,Murdoch,Shildrake,mshildrakejt@salon.com,Male,89.104.135.150
715,Fawne,Gilliat,fgilliatju@devhub.com,Female,191.17.197.191
716,Sylas,Gyorffy,sgyorffyjv@squidoo.com,Male,122.102.64.70
717,Karrah,Shellum,kshellumjw@a8.net,Female,190.62.85.233
718,Gabriella,Jizhaki,gjizhakijx@oaic.gov.au,Female,122.54.26.200
719,Sibbie,Dudney,sdudneyjy@tuttocitta.it,Female,208.12.253.61
720,Kev,Admans,kadmansjz@cisco.com,Male,22.14.253.230
721,Celestine,Wisker,cwiskerk0@wufoo.com,Female,52.79.84.156
722,Carny,Mallion,cmallionk1@newyorker.com,Male,54.173.216.133
723,Jordan,Hanton,jhantonk2@loc.gov,Male,108.198.87.30
724,Jan,Langland,jlanglandk3@networksolutions.com,Male,212.90.141.91
725,Davy,Clutram,dclutramk4@intel.com,Male,217.26.55.167
726,Ettie,Ties,etiesk5@nyu.edu,Female,208.56.143.179
727,Glennis,Tureville,gturevillek6@4shared.com,Female,146.254.194.138
728,Gerhardt,Lant,glantk7@ft.com,Male,37.180.198.176
729,Rock,Dulen,rdulenk8@is.gd,Male,33.89.193.141
730,Etan,Himpson,ehimpsonk9@boston.com,Male,142.191.233.182
731,Rolph,McAlees,rmcaleeska@blogtalkradio.com,Male,202.182.58.248
732,Gregorius,Norewood,gnorewoodkb@ebay.co.uk,Male,127.91.38.28
733,Diana,Dressell,ddressellkc@squidoo.com,Female,155.216.236.143
734,Emory,Aubrun,eaubrunkd@t.co,Male,176.62.207.2
735,Conney,Hollyman,chollymanke@people.com.cn,Male,179.186.191.34
736,Aubert,Vaillant,availlantkf@webeden.co.uk,Male,131.1.212.116
737,Nehemiah,O' Reagan,noreagankg@cdbaby.com,Male,144.17.223.238
738,Ambrosi,Alekhov,aalekhovkh@webs.com,Male,82.92.53.107
739,Marinna,Botwood,mbotwoodki@senate.gov,Female,13.46.225.242
740,Mano,Elsbury,melsburykj@google.es,Male,69.253.253.123
741,Merry,Ellingford,mellingfordkk@auda.org.au,Female,143.78.31.151
742,Mufi,Boaler,mboalerkl@dmoz.org,Female,193.54.94.254
743,Goldia,Geer,ggeerkm@php.net,Female,216.31.105.174
744,Irma,Helliar,ihelliarkn@github.com,Female,149.80.141.117
745,Rufus,Campany,rcampanyko@reuters.com,Male,159.32.201.177
746,Desmond,Galpin,dgalpinkp@hao123.com,Male,133.25.14.127
747,Rand,Arons,raronskq@edublogs.org,Male,65.177.239.229
748,Sophronia,Flemmich,sflemmichkr@baidu.com,Female,24.8.61.217
749,Tillie,Stive,tstiveks@jiathis.com,Female,139.214.187.29
750,Waylon,Ebbett,webbettkt@apple.com,Male,41.238.70.229
751,Juliana,Giannazzi,jgiannazziku@clickbank.net,Female,127.17.110.82
752,Patrice,Guyer,pguyerkv@mozilla.org,Male,152.255.173.175
753,Daphne,De la Yglesia,ddelayglesiakw@joomla.org,Female,148.109.196.136
754,Rosetta,Lishmund,rlishmundkx@loc.gov,Female,55.79.102.10
755,Loleta,Cantos,lcantosky@dropbox.com,Female,148.178.236.116
756,Dorey,Chaimson,dchaimsonkz@liveinternet.ru,Female,136.15.204.15
757,Emmet,Vannucci,evannuccil0@arizona.edu,Male,30.27.141.126
758,Waylon,Lympany,wlympanyl1@foxnews.com,Male,81.206.166.66
759,Carita,Mityashin,cmityashinl2@upenn.edu,Female,22.234.12.138
760,Leanna,Stenning,lstenningl3@uol.com.br,Female,1.27.249.193
761,Yelena,Malecky,ymaleckyl4@themeforest.net,Female,193.6.200.112
762,Yvette,Reeve,yreevel5@gov.uk,Female,250.210.237.225
763,Waring,Truce,wtrucel6@wikispaces.com,Male,59.198.227.124
764,Jacqui,Goldingay,jgoldingayl7@pinterest.com,Female,105.255.25.144
765,Janeen,Gilbank,jgilbankl8@delicious.com,Female,84.191.94.64
766,Ermengarde,Hanney,ehanneyl9@blinklist.com,Female,4.34.225.123
767,Audie,Elijah,aelijahla@bbb.org,Female,106.68.178.21
768,Antonino,Michieli,amichielilb@techcrunch.com,Male,154.91.96.45
769,Querida,Pulfer,qpulferlc@samsung.com,Female,222.106.13.194
770,Chance,Kingscote,ckingscoteld@apache.org,Male,4.175.198.176
771,Torry,Welbourn,twelbournle@weather.com,Male,183.31.51.96
772,Gladys,Doyle,gdoylelf@cloudflare.com,Female,254.235.73.66
773,Emilee,Clampett,eclampettlg@ning.com,Female,133.201.60.240
774,Susie,Gatherell,sgatherelllh@networkadvertising.org,Female,92.5.232.116
775,Stanford,Healey,shealeyli@mlb.com,Male,241.238.158.162
776,Minerva,Odo,modolj@livejournal.com,Female,245.146.126.114
777,Ignazio,Pretley,ipretleylk@spotify.com,Male,109.33.197.44
778,Grannie,Jenkyn,gjenkynll@huffingtonpost.com,Male,62.31.202.46
779,Kinsley,Kunc,kkunclm@google.co.jp,Male,51.249.127.106
780,Grenville,Egdale,gegdaleln@gravatar.com,Male,109.206.42.162
781,Lockwood,Shiril,lshirillo@indiegogo.com,Male,226.70.209.30
782,Gardie,Dunbobbin,gdunbobbinlp@springer.com,Male,111.236.178.121
783,Shaun,Kardos,skardoslq@reuters.com,Female,156.224.251.141
784,Avrom,Kluger,aklugerlr@cdc.gov,Male,198.192.173.88
785,Scot,Sharphouse,ssharphousels@narod.ru,Male,95.145.85.39
786,Curran,Spruce,csprucelt@pcworld.com,Male,237.98.7.239
787,Garland,Strongitharm,gstrongitharmlu@marriott.com,Female,235.183.148.172
788,Misti,Moorey,mmooreylv@soup.io,Female,23.82.209.246
789,Mathilda,Brant,mbrantlw@arizona.edu,Female,212.178.223.28
790,Gillie,Ferrar,gferrarlx@dell.com,Female,147.250.16.115
791,Carlita,Holsey,cholseyly@google.com.hk,Female,149.144.231.228
792,Robin,Egentan,regentanlz@toplist.cz,Female,57.244.47.70
793,Otis,Readman,oreadmanm0@pagesperso-orange.fr,Male,136.99.89.5
794,Douglas,Marchiso,dmarchisom1@goo.gl,Male,193.216.91.190
795,Chiquita,Lampen,clampenm2@jigsy.com,Female,225.11.237.156
796,Moore,Wahner,mwahnerm3@symantec.com,Male,68.42.100.127
797,Webster,Hawthorne,whawthornem4@unblog.fr,Male,241.227.225.81
798,Banky,Portam,bportamm5@mit.edu,Male,208.102.104.90
799,Gilbertine,Boatwright,gboatwrightm6@about.com,Female,137.88.56.74
800,Elsbeth,Forgie,eforgiem7@amazon.de,Female,164.157.207.137
801,Edi,Kinnach,ekinnachm8@altervista.org,Female,52.77.135.137
802,Alisun,Sloss,aslossm9@mail.ru,Female,196.35.21.209
803,Giusto,Nickels,gnickelsma@drupal.org,Male,105.229.170.29
804,Elie,Hannant,ehannantmb@simplemachines.org,Female,249.14.50.208
805,Rowan,Eaglesham,reagleshammc@odnoklassniki.ru,Male,222.164.230.91
806,Dayna,Kinane,dkinanemd@cnbc.com,Female,107.87.248.143
807,Marjory,Newdick,mnewdickme@aboutads.info,Female,164.13.178.182
808,Arie,Millis,amillismf@godaddy.com,Male,226.194.88.62
809,Abbott,Toothill,atoothillmg@behance.net,Male,95.71.221.44
810,Kearney,Jorin,kjorinmh@sohu.com,Male,223.236.114.205
811,Brooks,Troy,btroymi@noaa.gov,Female,175.251.95.232
812,Hyacinthe,Vedntyev,hvedntyevmj@weebly.com,Female,107.227.177.115
813,Milty,Tunnadine,mtunnadinemk@bbb.org,Male,171.239.176.231
814,Filmore,Haszard,fhaszardml@nyu.edu,Male,254.248.89.93
815,Ilaire,St Ledger,istledgermm@spotify.com,Male,218.85.75.85
816,Pablo,Figgins,pfigginsmn@amazon.de,Male,42.8.233.100
817,Torin,Ucceli,tuccelimo@hatena.ne.jp,Male,70.51.205.0
818,Tanya,Limb,tlimbmp@domainmarket.com,Female,243.189.54.252
819,Ambrosi,Drummond,adrummondmq@abc.net.au,Male,207.42.244.11
820,Allin,Forrest,aforrestmr@google.com.hk,Male,171.45.117.132
821,June,Haly,jhalyms@google.com.au,Female,215.126.64.239
822,Florian,Josipovic,fjosipovicmt@hp.com,Male,180.181.216.209
823,Gaven,Cowthard,gcowthardmu@yandex.ru,Male,69.197.82.127
824,Shannah,Olanda,solandamv@istockphoto.com,Female,161.116.205.69
825,Colline,Kingshott,ckingshottmw@squidoo.com,Female,61.199.130.49
826,Everett,Botcherby,ebotcherbymx@surveymonkey.com,Male,52.232.87.194
827,Lois,De Mitris,ldemitrismy@noaa.gov,Female,182.84.248.46
828,Bert,Lebreton,blebretonmz@harvard.edu,Male,137.204.46.250
829,Durant,Fewkes,dfewkesn0@nhs.uk,Male,124.7.145.146
830,Denny,Grimmer,dgrimmern1@sogou.com,Male,42.198.229.169
831,Maitilde,Meldon,mmeldonn2@wikispaces.com,Female,47.234.118.208
832,Nesta,Yon,nyonn3@networkadvertising.org,Female,110.105.13.40
833,Aksel,Loude,alouden4@seattletimes.com,Male,36.0.211.199
834,Sigismundo,Greenshiels,sgreenshielsn5@omniture.com,Male,102.82.165.55
835,Rozanne,Loynton,rloyntonn6@google.de,Female,56.129.21.247
836,Augustine,Georgiades,ageorgiadesn7@goo.ne.jp,Male,190.8.51.53
837,Cullin,MacTeague,cmacteaguen8@oakley.com,Male,1.230.239.134
838,Philly,Ygo,pygon9@mozilla.com,Female,205.21.235.214
839,Roana,Culshaw,rculshawna@qq.com,Female,197.225.41.184
840,Celesta,Limrick,climricknb@cnet.com,Female,106.230.176.93
841,Dori,McKibbin,dmckibbinnc@php.net,Female,104.204.212.115
842,Killy,Wayon,kwayonnd@homestead.com,Male,190.34.42.169
843,Levin,Wetherick,lwetherickne@gizmodo.com,Male,117.30.144.153
844,Sloan,Tift,stiftnf@altervista.org,Male,78.70.235.202
845,Hubey,Brimblecombe,hbrimblecombeng@ucoz.ru,Male,97.39.209.85
846,Ollie,Bartolini,obartolininh@free.fr,Male,245.152.222.142
847,Aymer,Baldree,abaldreeni@1und1.de,Male,194.212.154.33
848,Ruthe,Sebrook,rsebrooknj@uiuc.edu,Female,44.233.243.176
849,Ashlin,Bick,abicknk@ucla.edu,Male,62.204.4.252
850,Chester,Braiden,cbraidennl@icio.us,Male,129.245.174.71
851,Nerte,Doutch,ndoutchnm@shutterfly.com,Female,169.185.234.179
852,Kathleen,Henkens,khenkensnn@com.com,Female,203.32.38.77
853,Karola,Ovendale,kovendaleno@addthis.com,Female,230.226.170.0
854,Walt,Tynnan,wtynnannp@fda.gov,Male,55.226.234.18
855,Staci,Blackborne,sblackbornenq@friendfeed.com,Female,85.172.234.48
856,Durward,Edinboro,dedinboronr@altervista.org,Male,82.88.171.15
857,Dayle,Foran,dforanns@bbc.co.uk,Female,107.224.109.249
858,Carver,Purchall,cpurchallnt@domainmarket.com,Male,4.88.207.121
859,Lil,Lathaye,llathayenu@state.gov,Female,115.64.50.243
860,Sallee,Matasov,smatasovnv@sakura.ne.jp,Female,96.16.220.89
861,Goddart,O'Sesnane,gosesnanenw@typepad.com,Male,178.156.30.241
862,Brig,Beauchop,bbeauchopnx@imgur.com,Male,145.81.101.135
863,Sigfrid,Clymo,sclymony@uol.com.br,Male,121.212.15.162
864,Sherwynd,Coltan,scoltannz@amazon.co.jp,Male,185.165.116.145
865,Arty,Blouet,abloueto0@odnoklassniki.ru,Male,121.13.116.76
866,Loy,Duggen,lduggeno1@netscape.com,Male,0.192.6.46
867,Kip,Edmondson,kedmondsono2@last.fm,Male,88.94.249.162
868,Lanae,Opdenort,lopdenorto3@ovh.net,Female,221.148.207.233
869,Kristina,Kynan,kkynano4@chronoengine.com,Female,33.51.64.151
870,Kellyann,Mattheus,kmattheuso5@guardian.co.uk,Female,135.130.58.183
871,Artie,Simoneschi,asimoneschio6@goo.gl,Male,14.138.25.180
872,Arlee,Bamford,abamfordo7@instagram.com,Female,244.175.244.160
873,Tory,Petegree,tpetegreeo8@cpanel.net,Female,1.172.91.94
874,Leif,Geeves,lgeeveso9@gizmodo.com,Male,88.49.99.20
875,Samaria,Skamal,sskamaloa@bandcamp.com,Female,241.108.223.32
876,Leonora,Sharnock,lsharnockob@wisc.edu,Female,2.33.157.186
877,Catlee,Blind,cblindoc@vkontakte.ru,Female,42.71.140.3
878,Romola,Nyssens,rnyssensod@miitbeian.gov.cn,Female,142.140.141.153
879,Hestia,Abbatt,habbattoe@jimdo.com,Female,203.108.197.153
880,Henderson,Coote,hcooteof@nationalgeographic.com,Male,28.203.57.216
881,Parker,Handrok,phandrokog@businessinsider.com,Male,212.239.233.188
882,Nancie,Geare,ngeareoh@dyndns.org,Female,103.49.173.208
883,Griz,Ioselevich,gioselevichoi@blogs.com,Male,203.232.207.44
884,Sybille,Bly,sblyoj@tripod.com,Female,207.101.127.166
885,Lorain,Jellyman,ljellymanok@state.gov,Female,34.121.6.167
886,Chrisse,Lyness,clynessol@canalblog.com,Male,191.76.206.79
887,Josiah,Ewert,jewertom@rambler.ru,Male,125.84.160.246
888,Carce,Kingsley,ckingsleyon@github.com,Male,47.96.226.86
889,Rand,Pear,rpearoo@webeden.co.uk,Male,157.229.136.70
890,Rivi,Bourthouloume,rbourthouloumeop@symantec.com,Female,30.233.45.129
891,Finlay,Daniells,fdaniellsoq@github.io,Male,115.223.4.189
892,Silvio,Binks,sbinksor@twitter.com,Male,120.70.108.98
893,Richy,Mustin,rmustinos@blogtalkradio.com,Male,213.249.67.56
894,Nicolai,Samwayes,nsamwayesot@walmart.com,Male,109.92.91.136
895,Gwen,Fenelow,gfenelowou@ask.com,Female,105.189.61.60
896,Jeremiah,Pettie,jpettieov@accuweather.com,Male,238.148.141.78
897,Addie,Ianno,aiannoow@oaic.gov.au,Male,55.53.152.168
898,Salmon,Mordue,smordueox@arstechnica.com,Male,72.24.126.84
899,Kameko,Siene,ksieneoy@biglobe.ne.jp,Female,154.202.148.47
900,Codi,Midford,cmidfordoz@alibaba.com,Male,209.159.179.79
901,Ogden,Capel,ocapelp0@symantec.com,Male,57.26.7.195
902,Evita,Hendrichs,ehendrichsp1@ustream.tv,Female,118.125.60.134
903,Jamey,Pellatt,jpellattp2@spotify.com,Male,107.115.222.44
904,Armando,Reddan,areddanp3@t-online.de,Male,52.180.163.143
905,Herta,Matyushenko,hmatyushenkop4@illinois.edu,Female,188.82.15.29
906,Ignacio,Woolbrook,iwoolbrookp5@yellowpages.com,Male,108.6.85.231
907,Terri-jo,Vern,tvernp6@technorati.com,Female,30.116.27.71
908,Karlyn,Joinsey,kjoinseyp7@t-online.de,Female,193.202.181.18
909,Kipper,Tume,ktumep8@disqus.com,Male,173.213.188.179
910,Artemas,Waterstone,awaterstonep9@intel.com,Male,173.19.235.213
911,Currie,Simeone,csimeonepa@amazon.de,Male,151.193.202.112
912,Lexine,Hairsine,lhairsinepb@goo.ne.jp,Female,143.78.194.62
913,Killie,Craig,kcraigpc@mayoclinic.com,Male,101.68.115.108
914,Val,Weinmann,vweinmannpd@washingtonpost.com,Female,204.128.208.78
915,Gabbie,Dymocke,gdymockepe@noaa.gov,Male,162.227.27.100
916,Flory,O'Griffin,fogriffinpf@csmonitor.com,Female,171.199.19.160
917,Nerty,Ivan,nivanpg@deviantart.com,Female,19.75.169.162
918,Allegra,Remer,aremerph@topsy.com,Female,185.206.235.48
919,Fredia,Toolan,ftoolanpi@google.com,Female,87.54.244.8
920,Tremayne,Baton,tbatonpj@nymag.com,Male,227.159.123.116
921,Aubrie,Kaysor,akaysorpk@mac.com,Female,108.186.108.94
922,Kele,Isaacs,kisaacspl@buzzfeed.com,Male,89.72.95.177
923,Hardy,Mc Mechan,hmcmechanpm@smugmug.com,Male,23.230.141.228
924,Robinia,Lackington,rlackingtonpn@bing.com,Female,185.15.100.100
925,Avrit,Odeson,aodesonpo@yelp.com,Female,41.245.213.206
926,Rosalynd,Chown,rchownpp@ucoz.ru,Female,102.113.16.127
927,Ricki,Goodbourn,rgoodbournpq@wunderground.com,Female,253.103.35.38
928,Felicity,Duetsche,fduetschepr@ow.ly,Female,247.99.101.255
929,Josy,Pocklington,jpocklingtonps@ftc.gov,Female,15.56.109.160
930,Arney,Thames,athamespt@wiley.com,Male,229.136.65.147
931,Ethyl,Tolchard,etolchardpu@thetimes.co.uk,Female,215.47.33.143
932,Karmen,Spiby,kspibypv@reference.com,Female,139.173.67.238
933,Keene,Goble,kgoblepw@weebly.com,Male,82.201.20.44
934,Grove,Berisford,gberisfordpx@indiegogo.com,Male,155.55.223.235
935,Kristoffer,Wimsett,kwimsettpy@thetimes.co.uk,Male,155.241.174.158
936,Nani,Walch,nwalchpz@eventbrite.com,Female,28.215.98.158
937,Peterus,Esslement,pesslementq0@elegantthemes.com,Male,17.203.105.198
938,Alistair,Janz,ajanzq1@macromedia.com,Male,28.86.56.74
939,Alyss,Lowin,alowinq2@indiatimes.com,Female,59.219.134.40
940,Fred,Lavis,flavisq3@dagondesign.com,Male,176.229.79.175
941,Branden,Jochen,bjochenq4@wordpress.org,Male,95.23.75.73
942,Letizia,Crossby,lcrossbyq5@myspace.com,Female,56.196.175.97
943,Gabi,Hanlin,ghanlinq6@latimes.com,Male,31.65.153.79
944,Iris,Kassidy,ikassidyq7@google.com.hk,Female,143.147.121.28
945,Lauritz,Surfleet,lsurfleetq8@issuu.com,Male,222.216.43.206
946,Blondell,Erickson,bericksonq9@marriott.com,Female,214.195.174.116
947,Floris,Iredale,firedaleqa@wikipedia.org,Female,243.51.46.29
948,Roshelle,Parchment,rparchmentqb@biglobe.ne.jp,Female,100.209.183.222
949,Shelley,Skade,sskadeqc@bing.com,Male,247.150.226.147
950,Tanner,Dubock,tdubockqd@naver.com,Male,93.165.119.129
951,Kyle,Gowlett,kgowlettqe@prweb.com,Male,216.210.194.116
952,Sandy,Jaggli,sjaggliqf@bbc.co.uk,Male,203.68.83.237
953,Manuel,Tumbelty,mtumbeltyqg@addtoany.com,Male,137.82.244.162
954,Darice,Spellecy,dspellecyqh@elegantthemes.com,Female,110.0.243.16
955,Lana,Fewlass,lfewlassqi@dagondesign.com,Female,209.222.60.98
956,Cort,Cromar,ccromarqj@umich.edu,Male,205.102.165.236
957,Lolly,Benham,lbenhamqk@taobao.com,Female,202.51.121.135
958,Hildagard,Feechum,hfeechumql@163.com,Female,25.32.44.126
959,Hymie,Hyndson,hhyndsonqm@archive.org,Male,37.7.231.173
960,Koressa,Lodovichi,klodovichiqn@tiny.cc,Female,178.165.238.124
961,Arty,Liptrot,aliptrotqo@bravesites.com,Male,73.209.71.184
962,Boigie,Keith,bkeithqp@sina.com.cn,Male,23.144.166.221
963,Hewett,Ryde,hrydeqq@nytimes.com,Male,115.78.8.41
964,Antonella,Passler,apasslerqr@google.ca,Female,142.39.94.186
965,Sherlock,Cregan,screganqs@vk.com,Male,77.177.211.182
966,Teddie,Hambribe,thambribeqt@slashdot.org,Female,113.123.158.29
967,Rawley,Cherrie,rcherriequ@ebay.co.uk,Male,31.244.209.178
968,Brandise,Dobbison,bdobbisonqv@ebay.co.uk,Female,183.159.97.140
969,Lizabeth,Auchinleck,lauchinleckqw@toplist.cz,Female,34.227.186.195
970,Giorgi,Cuel,gcuelqx@ox.ac.uk,Male,215.5.16.232
971,Ryun,Shallcrass,rshallcrassqy@geocities.com,Male,122.187.36.219
972,Susy,Januszkiewicz,sjanuszkiewiczqz@rambler.ru,Female,208.6.5.149
973,Mackenzie,Keeltagh,mkeeltaghr0@google.fr,Male,27.209.86.1
974,Desiree,Schwerin,dschwerinr1@reference.com,Female,61.159.101.73
975,Garth,Benez,gbenezr2@yale.edu,Male,142.95.121.202
976,Pat,Agott,pagottr3@howstuffworks.com,Female,232.157.126.30
977,Willyt,Witling,wwitlingr4@desdev.cn,Female,234.161.121.15
978,Courtenay,Janaway,cjanawayr5@webnode.com,Female,93.70.41.230
979,Guendolen,Zylbermann,gzylbermannr6@newsvine.com,Female,44.178.184.174
980,Arabella,Ebourne,aebourner7@fema.gov,Female,119.117.64.162
981,Judy,Sandever,jsandeverr8@over-blog.com,Female,193.36.42.3
982,Pandora,Espinay,pespinayr9@studiopress.com,Female,225.105.18.126
983,Salvidor,Gellan,sgellanra@ucoz.ru,Male,34.208.69.221
984,Linette,Dugald,ldugaldrb@blinklist.com,Female,34.23.201.225
985,Christian,De Lacey,cdelaceyrc@independent.co.uk,Male,156.170.216.241
986,Rriocard,Lukes,rlukesrd@reverbnation.com,Male,142.159.201.165
987,Jarad,Kuhwald,jkuhwaldre@seattletimes.com,Male,31.114.6.35
988,Normand,Curtayne,ncurtaynerf@ebay.com,Male,52.229.63.250
989,Carilyn,Matkin,cmatkinrg@hugedomains.com,Female,31.181.246.241
990,Amandi,Tuffey,atuffeyrh@nih.gov,Female,114.129.68.151
991,Mildred,Andrysiak,mandrysiakri@shop-pro.jp,Female,251.119.191.155
992,Aileen,Gillmor,agillmorrj@webeden.co.uk,Female,193.233.22.123
993,Henderson,Broggio,hbroggiork@engadget.com,Male,111.143.226.209
994,Becca,Noteyoung,bnoteyoungrl@pinterest.com,Female,134.59.122.133
995,Julius,Tadd,jtaddrm@prweb.com,Male,112.113.103.24
996,Konrad,Applewhaite,kapplewhaitern@plala.or.jp,Male,22.235.152.93
997,Teddie,Bunt,tbuntro@samsung.com,Female,161.116.27.131
998,Skipton,Jackett,sjackettrp@meetup.com,Male,52.162.70.97
999,Delphinia,Phillips,dphillipsrq@hatena.ne.jp,Female,111.32.63.213
1000,Dannye,Dowtry,ddowtryrr@vk.com,Female,34.92.136.114
